epoch,capsnet_accuracy,capsnet_loss,decoder_accuracy,decoder_loss,loss,val_capsnet_accuracy,val_capsnet_loss,val_decoder_accuracy,val_decoder_loss,val_loss
0,0.1046999990940094,0.8094266057014465,0.7441437840461731,0.0682002454996109,0.836164653301239,0.10329999774694443,0.809429943561554,0.8072424530982971,0.06931097060441971,0.8366007804870605
1,0.10086666792631149,0.6855102181434631,0.7430436015129089,0.060047708451747894,0.7090491652488708,0.10320000350475311,0.5251511335372925,0.8029172420501709,0.05875444412231445,0.548183023929596
2,0.10588333010673523,0.5241711735725403,0.7403015494346619,0.056465741246938705,0.5463060140609741,0.0957999974489212,0.5236992835998535,0.8023295998573303,0.05807588994503021,0.5464651584625244
3,0.10638333112001419,0.5239677429199219,0.740268349647522,0.05639195069670677,0.5460735559463501,0.10100000351667404,0.523719072341919,0.8029356002807617,0.058358751237392426,0.5465956330299377
