epoch,decoder_accuracy,decoder_loss,length_accuracy,length_loss,loss,val_decoder_accuracy,val_decoder_loss,val_length_accuracy,val_length_loss,val_loss
0,0.7371979355812073,0.05963820219039917,0.09839999675750732,41.97465133666992,42.03428649902344,0.802739143371582,0.05818810313940048,0.0957999974489212,41.238346099853516,41.29653549194336
1,0.7397757768630981,0.05698614940047264,0.09863333404064178,41.226356506347656,41.28337097167969,0.8027326464653015,0.057981278747320175,0.0957999974489212,41.18497848510742,41.242919921875
2,0.7401853799819946,0.05673297122120857,0.09863333404064178,41.14806365966797,41.20478439331055,0.8032830357551575,0.058455247431993484,0.0957999974489212,41.085968017578125,41.14443588256836
3,0.7403498291969299,0.05665210634469986,0.09863333404064178,41.16068649291992,41.21734619140625,0.8035483360290527,0.058560267090797424,0.0957999974489212,41.11862564086914,41.17720413208008
4,0.7403849363327026,0.0566033311188221,0.09863333404064178,41.13017654418945,41.18674087524414,0.8028724193572998,0.05853286758065224,0.0957999974489212,41.08155822753906,41.14012145996094
