epoch,decoder_accuracy,decoder_loss,length_accuracy,length_loss,loss,val_decoder_accuracy,val_decoder_loss,val_length_accuracy,val_length_loss,val_loss
0,0.7371538877487183,0.05974675342440605,0.09931666404008865,39.96023178100586,40.02000045776367,0.8036184906959534,0.05861911550164223,0.10339999943971634,39.0379638671875,39.096580505371094
1,0.7398163080215454,0.056986283510923386,0.10320000350475311,38.60337448120117,38.66037368774414,0.8031265139579773,0.058234862983226776,0.09539999812841415,38.17580032348633,38.23403549194336
2,0.7401508688926697,0.0567171573638916,0.1003333330154419,38.1579475402832,38.21464157104492,0.8032548427581787,0.05856875702738762,0.08910000324249268,38.08758544921875,38.14616012573242
3,0.7403340339660645,0.056657612323760986,0.09913333505392075,38.01032257080078,38.066959381103516,0.8034603595733643,0.05813169106841087,0.08919999748468399,37.95649719238281,38.01462936401367
4,0.7404297590255737,0.056694768369197845,0.10000000149011612,37.95891571044922,38.015621185302734,0.8036067485809326,0.05841584503650665,0.09809999912977219,37.93552780151367,37.99394607543945
