epoch,decoder_accuracy,decoder_loss,length_accuracy,length_loss,loss,val_decoder_accuracy,val_decoder_loss,val_length_accuracy,val_length_loss,val_loss
0,0.73785400390625,0.047284841537475586,0.8811833262443542,0.23780173063278198,0.31697991490364075,0.797715425491333,0.04772615805268288,0.9847000241279602,0.01840249076485634,0.0906733050942421
1,0.7386146187782288,0.040715206414461136,0.9752833247184753,0.026270443573594093,0.08749647438526154,0.7984189987182617,0.04547598585486412,0.9796000123023987,0.021177031099796295,0.08641008287668228
2,0.7390350103378296,0.03911462426185608,0.9776333570480347,0.02350388467311859,0.08264195919036865,0.7947841882705688,0.047575585544109344,0.9710999727249146,0.034375376999378204,0.10227786749601364
